{"cameraMode":{"drawMode":2,"name":"Shaded Wireframe","section":"Shading Mode"},"sceneLighting":true,"audioPlay":false,"sceneViewState":{"showFog":true,"showMaterialUpdate":false,"showSkybox":true,"showFlares":true,"showImageEffects":true,"showParticleSystems":true},"in2DMode":false,"pivot":{"x":-96.15818786621094,"y":-30.147106170654298,"z":17.032119750976564},"rotation":{"x":-0.18214799463748933,"y":0.6492250561714172,"z":-0.16427214443683625,"w":-0.7199650406837463},"size":91.88664245605469,"orthographic":false}