{"cameraMode":{"drawMode":2,"name":"Shaded Wireframe","section":"Shading Mode"},"sceneLighting":true,"audioPlay":false,"sceneViewState":{"showFog":true,"showMaterialUpdate":false,"showSkybox":true,"showFlares":true,"showImageEffects":true,"showParticleSystems":true},"in2DMode":false,"pivot":{"x":-36.464744567871097,"y":7.155509948730469,"z":7.7096147537231449},"rotation":{"x":0.11522191762924195,"y":-0.6641396284103394,"z":0.10468048602342606,"w":0.731208860874176},"size":28.503982543945314,"orthographic":false}