{"cameraMode":{"drawMode":2,"name":"Shaded Wireframe","section":"Shading Mode"},"sceneLighting":true,"audioPlay":false,"sceneViewState":{"showFog":true,"showMaterialUpdate":false,"showSkybox":true,"showFlares":true,"showImageEffects":true,"showParticleSystems":true},"in2DMode":false,"pivot":{"x":107.29226684570313,"y":-41.11572265625,"z":93.19258880615235},"rotation":{"x":-0.2409180998802185,"y":-0.521504282951355,"z":0.156355619430542,"w":-0.8034618496894836},"size":114.19474029541016,"orthographic":false}