{"cameraMode":{"drawMode":2,"name":"Shaded Wireframe","section":"Shading Mode"},"sceneLighting":true,"audioPlay":false,"sceneViewState":{"showFog":true,"showMaterialUpdate":false,"showSkybox":true,"showFlares":true,"showImageEffects":true,"showParticleSystems":true},"in2DMode":false,"pivot":{"x":-19.481830596923829,"y":-10.21689510345459,"z":-33.77409362792969},"rotation":{"x":-0.06380221992731095,"y":0.9350696802139282,"z":-0.2217135727405548,"w":-0.26908618211746218},"size":30.052539825439454,"orthographic":false}