{"cameraMode":{"drawMode":2,"name":"Shaded Wireframe","section":"Shading Mode"},"sceneLighting":true,"audioPlay":false,"sceneViewState":{"showFog":true,"showMaterialUpdate":false,"showSkybox":true,"showFlares":true,"showImageEffects":true,"showParticleSystems":true},"in2DMode":false,"pivot":{"x":81.93989562988281,"y":-81.08453369140625,"z":29.98978042602539},"rotation":{"x":-0.12285993248224259,"y":-0.8750604391098023,"z":0.2970966398715973,"w":-0.36182084679603579},"size":107.68756866455078,"orthographic":false}